<?xml version="1.0" encoding="UTF-8"?>
<web-app version="3.0" xmlns="http://java.sun.com/xml/ns/javaee" xmlns:xsi="http://www.w3.org/2001/XMLSchema-instance" xsi:schemaLocation="http://java.sun.com/xml/ns/javaee http://java.sun.com/xml/ns/javaee/web-app_3_0.xsd">
    <servlet>
        <servlet-name>NewUser</servlet-name>
        <servlet-class>NewUser</servlet-class>
    </servlet>
    <servlet>
        <servlet-name>NewUser1</servlet-name>
        <servlet-class>NewUser1</servlet-class>
    </servlet>
    <servlet>
        <servlet-name>Login</servlet-name>
        <servlet-class>Login</servlet-class>
    </servlet>
    <servlet>
        <servlet-name>ForgotPassword</servlet-name>
        <servlet-class>ForgotPassword</servlet-class>
    </servlet>
    <servlet>
        <servlet-name>ForgotPassword1</servlet-name>
        <servlet-class>ForgotPassword1</servlet-class>
    </servlet>
    <servlet>
        <servlet-name>ForgotPassword2</servlet-name>
        <servlet-class>ForgotPassword2</servlet-class>
    </servlet>
    <servlet>
        <servlet-name>AddNewProduct</servlet-name>
        <servlet-class>AddNewProduct</servlet-class>
    </servlet>
    <servlet>
        <servlet-name>GetProductid</servlet-name>
        <servlet-class>GetProductid</servlet-class>
    </servlet>
    <servlet>
        <servlet-name>ManageProducts</servlet-name>
        <servlet-class>ManageProducts</servlet-class>
    </servlet>
    <servlet>
        <servlet-name>ModifyProduct</servlet-name>
        <servlet-class>ModifyProduct</servlet-class>
    </servlet>
    <servlet>
        <servlet-name>GetProductType</servlet-name>
        <servlet-class>GetProductType</servlet-class>
    </servlet>
    <servlet>
        <servlet-name>GetProductImage</servlet-name>
        <servlet-class>GetProductImage</servlet-class>
    </servlet>
    <servlet>
        <servlet-name>GetProduct</servlet-name>
        <servlet-class>GetProduct</servlet-class>
    </servlet>
    <servlet>
        <servlet-name>DeleteProduct</servlet-name>
        <servlet-class>DeleteProduct</servlet-class>
    </servlet>
    <servlet>
        <servlet-name>ModifyProfile</servlet-name>
        <servlet-class>ModifyProfile</servlet-class>
    </servlet>
    <servlet>
        <servlet-name>GetProfileDetails</servlet-name>
        <servlet-class>GetProfileDetails</servlet-class>
    </servlet>
    <servlet>
        <servlet-name>ChangePassword</servlet-name>
        <servlet-class>ChangePassword</servlet-class>
    </servlet>
    <servlet>
        <servlet-name>ViewAllCustomers</servlet-name>
        <servlet-class>ViewAllCustomers</servlet-class>
    </servlet>
    <servlet>
        <servlet-name>DisplaySuggestions</servlet-name>
        <servlet-class>DisplaySuggestions</servlet-class>
    </servlet>
    <servlet>
        <servlet-name>ViewOrders</servlet-name>
        <servlet-class>ViewOrders</servlet-class>
    </servlet>
    <servlet>
        <servlet-name>Cart</servlet-name>
        <servlet-class>Cart</servlet-class>
    </servlet>
    <servlet>
        <servlet-name>Cart_Login</servlet-name>
        <servlet-class>Cart_Login</servlet-class>
    </servlet>
    <servlet>
        <servlet-name>DisplayProducts</servlet-name>
        <servlet-class>DisplayProducts</servlet-class>
    </servlet>
    <servlet>
        <servlet-name>SelectProduct</servlet-name>
        <servlet-class>SelectProduct</servlet-class>
    </servlet>
    <servlet>
        <servlet-name>PlaceOrder</servlet-name>
        <servlet-class>PlaceOrder</servlet-class>
    </servlet>
    <servlet>
        <servlet-name>Feedback</servlet-name>
        <servlet-class>Feedback</servlet-class>
    </servlet>
    <servlet>
        <servlet-name>ViewProducts</servlet-name>
        <servlet-class>ViewProducts</servlet-class>
    </servlet>
    <servlet-mapping>
        <servlet-name>NewUser</servlet-name>
        <url-pattern>/NewUser</url-pattern>
    </servlet-mapping>
    <servlet-mapping>
        <servlet-name>NewUser1</servlet-name>
        <url-pattern>/NewUser1</url-pattern>
    </servlet-mapping>
    <servlet-mapping>
        <servlet-name>Login</servlet-name>
        <url-pattern>/Login</url-pattern>
    </servlet-mapping>
    <servlet-mapping>
        <servlet-name>ForgotPassword</servlet-name>
        <url-pattern>/ForgotPassword</url-pattern>
    </servlet-mapping>
    <servlet-mapping>
        <servlet-name>ForgotPassword1</servlet-name>
        <url-pattern>/ForgotPassword1</url-pattern>
    </servlet-mapping>
    <servlet-mapping>
        <servlet-name>ForgotPassword2</servlet-name>
        <url-pattern>/ForgotPassword2</url-pattern>
    </servlet-mapping>
    <servlet-mapping>
        <servlet-name>AddNewProduct</servlet-name>
        <url-pattern>/AddNewProduct</url-pattern>
    </servlet-mapping>
    <servlet-mapping>
        <servlet-name>GetProductid</servlet-name>
        <url-pattern>/GetProductid</url-pattern>
    </servlet-mapping>
    <servlet-mapping>
        <servlet-name>ManageProducts</servlet-name>
        <url-pattern>/ManageProducts</url-pattern>
    </servlet-mapping>
    <servlet-mapping>
        <servlet-name>ModifyProduct</servlet-name>
        <url-pattern>/ModifyProduct</url-pattern>
    </servlet-mapping>
    <servlet-mapping>
        <servlet-name>GetProductType</servlet-name>
        <url-pattern>/GetProductType</url-pattern>
    </servlet-mapping>
    <servlet-mapping>
        <servlet-name>GetProductImage</servlet-name>
        <url-pattern>/GetProductImage</url-pattern>
    </servlet-mapping>
    <servlet-mapping>
        <servlet-name>GetProduct</servlet-name>
        <url-pattern>/GetProduct</url-pattern>
    </servlet-mapping>
    <servlet-mapping>
        <servlet-name>DeleteProduct</servlet-name>
        <url-pattern>/DeleteProduct</url-pattern>
    </servlet-mapping>
    <servlet-mapping>
        <servlet-name>ModifyProfile</servlet-name>
        <url-pattern>/ModifyProfile</url-pattern>
    </servlet-mapping>
    <servlet-mapping>
        <servlet-name>GetProfileDetails</servlet-name>
        <url-pattern>/GetProfileDetails</url-pattern>
    </servlet-mapping>
    <servlet-mapping>
        <servlet-name>ChangePassword</servlet-name>
        <url-pattern>/ChangePassword</url-pattern>
    </servlet-mapping>
    <servlet-mapping>
        <servlet-name>ViewAllCustomers</servlet-name>
        <url-pattern>/ViewAllCustomers</url-pattern>
    </servlet-mapping>
    <servlet-mapping>
        <servlet-name>DisplaySuggestions</servlet-name>
        <url-pattern>/DisplaySuggestions</url-pattern>
    </servlet-mapping>
    <servlet-mapping>
        <servlet-name>ViewOrders</servlet-name>
        <url-pattern>/ViewOrders</url-pattern>
    </servlet-mapping>
    <servlet-mapping>
        <servlet-name>Cart</servlet-name>
        <url-pattern>/Cart</url-pattern>
    </servlet-mapping>
    <servlet-mapping>
        <servlet-name>Cart_Login</servlet-name>
        <url-pattern>/Cart_Login</url-pattern>
    </servlet-mapping>
    <servlet-mapping>
        <servlet-name>DisplayProducts</servlet-name>
        <url-pattern>/DisplayProducts</url-pattern>
    </servlet-mapping>
    <servlet-mapping>
        <servlet-name>SelectProduct</servlet-name>
        <url-pattern>/SelectProduct</url-pattern>
    </servlet-mapping>
    <servlet-mapping>
        <servlet-name>PlaceOrder</servlet-name>
        <url-pattern>/PlaceOrder</url-pattern>
    </servlet-mapping>
    <servlet-mapping>
        <servlet-name>Feedback</servlet-name>
        <url-pattern>/Feedback</url-pattern>
    </servlet-mapping>
    <servlet-mapping>
        <servlet-name>ViewProducts</servlet-name>
        <url-pattern>/ViewProducts</url-pattern>
    </servlet-mapping>
    <session-config>
        <session-timeout>
            30
        </session-timeout>
    </session-config>
    <welcome-file-list>
        <welcome-file>home.jsp</welcome-file>
    </welcome-file-list>
</web-app>
